<edmx:Edmx xmlns:edmx="http://docs.oasis-open.org/odata/ns/edmx" Version="4.0">
	<edmx:Reference Uri="http://docs.oasis-open.org/odata/odata-data-aggregation-ext/v4.0/cs02/vocabularies/Org.OData.Aggregation.V1.xml">
		<edmx:Include Alias="Aggregation" Namespace="Org.OData.Aggregation.V1"/>
	</edmx:Reference>
	<edmx:Reference Uri="http://docs.oasis-open.org/odata/odata/v4.0/errata03/os/complete/vocabularies/Org.OData.Capabilities.V1.xml">
		<edmx:Include Alias="Capabilities" Namespace="Org.OData.Capabilities.V1"/>
	</edmx:Reference>
	<edmx:Reference Uri="https://wiki.scn.sap.com/wiki/download/attachments/448470974/Common.xml?api=v2">
		<edmx:Include Alias="Common" Namespace="com.sap.vocabularies.Common.v1"/>
	</edmx:Reference>
	<edmx:Reference Uri="https://wiki.scn.sap.com/wiki/download/attachments/448470971/Communication.xml?api=v2">
		<edmx:Include Alias="vCard" Namespace="com.sap.vocabularies.Communication.v1"/>
	</edmx:Reference>
	<edmx:Reference Uri="http://docs.oasis-open.org/odata/odata/v4.0/errata03/os/complete/vocabularies/Org.OData.Core.V1.xml">
		<edmx:Include Alias="Core" Namespace="Org.OData.Core.V1"/>
	</edmx:Reference>
	<edmx:Reference Uri="http://docs.oasis-open.org/odata/odata/v4.0/errata03/os/complete/vocabularies/Org.OData.Measures.V1.xml">
		<edmx:Include Alias="CQP" Namespace="Org.OData.Measures.V1"/>
	</edmx:Reference>
	<edmx:Reference Uri="https://wiki.scn.sap.com/wiki/download/attachments/448470968/UI.xml?api=v2">
		<edmx:Include Alias="UI" Namespace="com.sap.vocabularies.UI.v1"/>
	</edmx:Reference>
	<edmx:DataServices>
		<Schema xmlns="http://docs.oasis-open.org/odata/ns/edm">
			<Annotations Target="jetCloud.apps.zjblessons.jblesson02.v01.01.zjblessons_base_MaterialsType">
				<Annotation Term="UI.PresentationVariant">
					<Record Type="UI.PresentationVariantType">
						<PropertyValue Property="SortOrder"/>
						<PropertyValue Property="GroupBy"/>
						<PropertyValue Property="TotalBy"/>
						<PropertyValue Property="Total"/>
						<PropertyValue Property="Visualizations"/>
						<PropertyValue Property="RequestAtLeast">
							<Collection>
								<PropertyPath>MaterialID</PropertyPath>
							</Collection>
						</PropertyValue>
					</Record>
				</Annotation>
				<Annotation Term="UI.SelectionFields">
					<Collection>
						<PropertyPath>CreatedBy</PropertyPath>
						<PropertyPath>GroupText</PropertyPath>
						<PropertyPath>SubGroupText</PropertyPath>
						<PropertyPath>MaterialText</PropertyPath>
						<PropertyPath>Created</PropertyPath>
					</Collection>
				</Annotation>
				<Annotation Term="UI.LineItem">
					<Collection>
						<Record Type="UI.DataField">
							<PropertyValue Property="Value" Path="CreatedBy"/>
						</Record>
						<Record Type="UI.DataField">
							<PropertyValue Property="Value" Path="ModifiedBy"/>
						</Record>
						<Record Type="UI.DataField">
							<PropertyValue Property="Value" Path="GroupID"/>
						</Record>
						<Record Type="UI.DataField">
							<PropertyValue Property="Value" Path="GroupText"/>
						</Record>
						<Record Type="UI.DataField">
							<PropertyValue Property="Value" Path="SubGroupText"/>
						</Record>
						<Record Type="UI.DataField">
							<PropertyValue Property="Value" Path="MaterialText"/>
						</Record>
						<Record Type="UI.DataField">
							<PropertyValue Property="Value" Path="Modified"/>
						</Record>
					</Collection>
				</Annotation>
			</Annotations>
			<Annotations Target="jetCloud.apps.zjblessons.jblesson02.v01.01.zjblessons_base_MaterialsType/GroupText">
				<Annotation Term="Common.Label" String="{@i18n&gt;tGroupText}"/>
				<Annotation Term="Common.ValueListWithFixedValues"/>
				<Annotation Term="Common.ValueList">
					<Record Type="Common.ValueListType">
						<PropertyValue Property="CollectionPath" String="zjblessons_base_Groups"/>
						<PropertyValue Property="Parameters">
							<Collection>
								<Record Type="Common.ValueListParameterInOut">
									<PropertyValue Property="LocalDataProperty" PropertyPath="GroupText"/>
									<PropertyValue Property="ValueListProperty" String="GroupText"/>
								</Record>
								<Record Type="Common.ValueListParameterOut">
									<PropertyValue Property="LocalDataProperty" PropertyPath="GroupID"/>
									<PropertyValue Property="ValueListProperty" String="GroupID"/>
								</Record>
							</Collection>
						</PropertyValue>
					</Record>
				</Annotation>
			</Annotations>
			<Annotations Target="jetCloud.apps.zjblessons.jblesson02.v01.01.zjblessons_base_MaterialsType/SubGroupText">
				<Annotation Term="Common.Label" String="{@i18n&gt;tSubGroupText}"/>
				<Annotation Term="Common.ValueList">
					<Record Type="Common.ValueListType">
						<PropertyValue Property="CollectionPath" String="zjblessons_base_SubGroups"/>
						<PropertyValue Property="Parameters">
							<Collection>
								<Record Type="Common.ValueListParameterInOut">
									<PropertyValue Property="LocalDataProperty" PropertyPath="SubGroupText"/>
									<PropertyValue Property="ValueListProperty" String="SubGroupText"/>
								</Record>
								<Record Type="Common.ValueListParameterDisplayOnly">
									<PropertyValue Property="ValueListProperty" String="Created"/>
								</Record>
								<Record Type="Common.ValueListParameterOut">
									<PropertyValue Property="LocalDataProperty" PropertyPath="SubGroupID"/>
									<PropertyValue Property="ValueListProperty" String="SubGroupID"/>
								</Record>
								<Record Type="Common.ValueListParameterIn">
									<PropertyValue Property="LocalDataProperty" PropertyPath="GroupID"/>
									<PropertyValue Property="ValueListProperty" String="GroupID"/>
								</Record>
							</Collection>
						</PropertyValue>
					</Record>
				</Annotation>
			</Annotations>
			<Annotations Target="jetCloud.apps.zjblessons.jblesson02.v01.01.zjblessons_base_MaterialsType/CreatedBy">
				<Annotation Term="Common.Label" String="{@i18n&gt;tCreatedBy}"/>
			</Annotations>
			<Annotations Target="jetCloud.apps.zjblessons.jblesson02.v01.01.zjblessons_base_MaterialsType/GroupID">
				<Annotation Term="Common.Label" String="{@i18n&gt;tGroupID}"/>
			</Annotations>
			<Annotations Target="jetCloud.apps.zjblessons.jblesson02.v01.01.zjblessons_base_MaterialsType/MaterialText">
				<Annotation Term="Common.ValueListWithFixedValues"/>
				<Annotation Term="Common.ValueList">
					<Record Type="Common.ValueListType">
						<PropertyValue Property="CollectionPath" String="zjblessons_base_Materials"/>
						<PropertyValue Property="Parameters">
							<Collection>
								<Record Type="Common.ValueListParameterInOut">
									<PropertyValue Property="LocalDataProperty" PropertyPath="MaterialText"/>
									<PropertyValue Property="ValueListProperty" String="MaterialText"/>
								</Record>
							</Collection>
						</PropertyValue>
					</Record>
				</Annotation>
				<Annotation Term="Common.Label" String="{@i18n&gt;tMaterialText}"/>
			</Annotations>
			<Annotations Target="jetCloud.apps.zjblessons.jblesson02.v01.01.zjblessons_base_MaterialsType/Modified">
				<Annotation Term="Common.IsCalendarDate"/>
			</Annotations>
			<Annotations Target="jetCloud.apps.zjblessons.jblesson02.v01.01.zjblessons_base_MaterialsType/ModifiedBy">
				<Annotation Term="Common.Label" String="{@i18n&gt;tModifiedBy}"/>
			</Annotations>
			<Annotations Target="jetCloud.apps.zjblessons.jblesson02.v01.01.zjblessons_base_MaterialsType/Version">
				<Annotation Term="UI.Hidden"/>
			</Annotations>
			<Annotations Target="jetCloud.apps.zjblessons.jblesson02.v01.01.zjblessons_base_MaterialsType/MaterialID">
				<Annotation Term="UI.Hidden"/>
			</Annotations>
			<Annotations Target="jetCloud.apps.zjblessons.jblesson02.v01.01.zjblessons_base_MaterialsType/Language">
				<Annotation Term="UI.Hidden"/>
			</Annotations>
			<Annotations Target="jetCloud.apps.zjblessons.jblesson02.v01.01.zjblessons_base_MaterialsType/IntegrationID">
				<Annotation Term="UI.Hidden"/>
			</Annotations>
			<Annotations Target="jetCloud.apps.zjblessons.jblesson02.v01.01.zjblessons_base_MaterialsType/MaterialDescription">
				<Annotation Term="UI.MultiLineText"/>
				<Annotation Term="Common.Label" String="{@i18n&gt;tMaterialDescription}"/>
			</Annotations>
			<Annotations Target="jetCloud.apps.zjblessons.jblesson02.v01.01.zjblessons_base_MaterialsType/Created">
				<Annotation Term="Common.IsCalendarDate"/>
				<Annotation Term="Common.Label" String="{@i18n&gt;tCreated}"/>
			</Annotations>
		</Schema>
	</edmx:DataServices>
</edmx:Edmx>